<?xml version="1.0" encoding="UTF-8"?>
<project version="4">
  <component name="AutoImportSettings">
    <option name="autoReloadType" value="SELECTIVE" />
  </component>
  <component name="ChangeListManager">
    <list default="true" id="fecc9dd4-9a6e-48cf-aca2-481c3066a332" name="Changes" comment="" />
    <option name="SHOW_DIALOG" value="false" />
    <option name="HIGHLIGHT_CONFLICTS" value="true" />
    <option name="HIGHLIGHT_NON_ACTIVE_CHANGELIST" value="false" />
    <option name="LAST_RESOLUTION" value="IGNORE" />
  </component>
  <component name="FileTemplateManagerImpl">
    <option name="RECENT_TEMPLATES">
      <list>
        <option value="HTML File" />
        <option value="Python Script" />
      </list>
    </option>
  </component>
  <component name="MarkdownSettingsMigration">
    <option name="stateVersion" value="1" />
  </component>
  <component name="ProblemsViewState">
    <option name="selectedTabId" value="CurrentFile" />
  </component>
  <component name="ProjectId" id="2AJV5H3hBBXnk90L7dATMbATipG" />
  <component name="ProjectViewState">
    <option name="hideEmptyMiddlePackages" value="true" />
    <option name="showLibraryContents" value="true" />
  </component>
  <component name="PropertiesComponent">
    <property name="DefaultHtmlFileTemplate" value="HTML File" />
    <property name="RunOnceActivity.OpenProjectViewOnStart" value="true" />
    <property name="RunOnceActivity.ShowReadmeOnStart" value="true" />
    <property name="run.code.analysis.last.selected.profile" value="pProject Default" />
  </component>
  <component name="RecentsManager">
    <key name="MoveFile.RECENT_KEYS">
      <recent name="C:\Users\USER\TaskManagementApp\taskmanagement\venv\Lib\site-packages\django\contrib\admin\static\admin\img\gis" />
      <recent name="C:\Users\USER\TaskManagementApp\taskmanagement\venv\Lib\site-packages\django\contrib\admin\static\admin\img" />
      <recent name="C:\Users\USER\TaskManagementApp" />
      <recent name="C:\Users\USER\TaskManagementApp\taskmanagement\task_management_app\template" />
      <recent name="C:\Users\USER\TaskManagementApp\taskmanagement\task_management_app" />
    </key>
  </component>
  <component name="SpellCheckerSettings" RuntimeDictionaries="0" Folders="0" CustomDictionaries="0" DefaultDictionary="application-level" UseSingleDictionary="true" transferred="true" />
  <component name="TaskManager">
    <task active="true" id="Default" summary="Default task">
      <changelist id="fecc9dd4-9a6e-48cf-aca2-481c3066a332" name="Changes" comment="" />
      <created>1654727490133</created>
      <option name="number" value="Default" />
      <option name="presentableId" value="Default" />
      <updated>1654727490133</updated>
    </task>
    <servers />
  </component>
</project>